group,month,month_last_day,month_filings,avg_filings,month_diff,month_filings_imputed,baseline_share
Black,11/2024,,6475,6774.5,0.955790095209979,0.637262089877158,0.438769740690193
Hispanic,11/2024,,706,740,0.954054054054054,0.0967257813714819,0.13310261909404
Other,11/2024,,2504,2623,0.954632100648113,0.0677861918830665,
White,11/2024,,2844,3042,0.93491124260355,0.198225936868294,0.340326249431338
Female,11/2024,,,,,0.584582828515668,0.542738129064848
